"a","c","o","r","n"
"a","c","o","r","n"," ","s","q","u","a","s","h"
"a","c","t","i","v","e"
"a","c","t","i","v","e"," ","y","e","a","s","t"
"a","d","d","e","d"
"a","d","o","b","o"
"a","d","o","b","o"," ","s","a","u","c","e"
"a","g","a","v","e"
"a","g","a","v","e"," ","n","e","c","t","a","r"
"a","g","e","d"
"a","h","i"
"a","j","w","a","i","n"
"a","l","b","a","c","o","r","e"
"a","l","e"
"a","l","f","r","e","d","o"
"a","l","f","r","e","d","o"," ","s","a","u","c","e"
"a","l","l","s","p","i","c","e"
"a","l","m","o","n","d"
"a","l","m","o","n","d"," ","b","u","t","t","e","r"
"a","l","m","o","n","d"," ","e","x","t","r","a","c","t"
"a","l","m","o","n","d"," ","f","l","o","u","r"
"a","l","m","o","n","d"," ","m","e","a","l"
"a","l","m","o","n","d"," ","m","i","l","k"
"a","l","m","o","n","d"," ","p","a","s","t","e"
"a","l","m","o","n","d","m","i","l","k"
"a","m","a","r","e","t","t","o"
"a","m","e","r","i","c","a","n"
"a","m","e","r","i","c","a","n"," ","c","h","e","e","s","e"
"a","m","i","n","o"
"a","n","a","h","e","i","m"
"a","n","a","h","e","i","m"," ","c","h","i","l","e"
"a","n","c","h","o"
"a","n","c","h","o"," ","c","h","i","l","e"
"a","n","c","h","o"," ","c","h","i","l","i"
"a","n","c","h","o"," ","p","o","w","d","e","r"
"a","n","c","h","o","v","y"
"a","n","c","h","o","v","y"," ","f","i","l","l","e","t"
"a","n","c","h","o","v","y"," ","p","a","s","t","e"
"a","n","d","o","u","i","l","l","e"
"a","n","d","o","u","i","l","l","e"," ","s","a","u","s","a","g","e"
"a","n","i","s","e"
"a","n","i","s","e"," ","s","e","e","d"
"a","p","p","l","e"
"a","p","p","l","e"," ","c","i","d","e","r"
"a","p","p","l","e"," ","j","u","i","c","e"
"a","p","p","l","e","s","a","u","c","e"
"a","p","r","i","c","o","t"
"a","r","b","o","l"
"a","r","b","o","r","i","o"
"a","r","b","o","r","i","o"," ","r","i","c","e"
"a","r","r","o","w","r","o","o","t"
"a","r","t","i","c","h","o","k"
"a","r","t","i","c","h","o","k"," ","h","e","a","r","t"
"a","r","t","i","c","h","o","k","e"
"a","r","t","i","c","h","o","k","e"," ","h","e","a","r","t"
"a","r","u","g","u","l","a"
"a","s","a","d","e","r","o"
"a","s","a","f","e","t","i","d","a"
"a","s","a","f","o","e","t","i","d","a"
"a","s","i","a","g","o"
"a","s","p","a","r","a","g","u","s"
"a","s","p","a","r","a","g","u","s"," ","s","p","e","a","r"
"a","s","s","o","r","t","e","d"
"a","t","t","a"
"a","u","b","e","r","g","i","n","e"
"a","v","o","c","a","d","o"
"a","v","o","c","a","d","o"," ","o","i","l"
"b","a","c","k"
"b","a","c","k"," ","r","i","b"
"b","a","c","o","n"
"b","a","c","o","n"," ","d","r","i","p","p","i","n","g"
"b","a","c","o","n"," ","f","a","t"
"b","a","c","o","n"," ","s","l","i","c","e"
"b","a","g","u","e","t","t","e"
"b","a","k","e","d"
"b","a","l","s","a","m","i","c"
"b","a","l","s","a","m","i","c"," ","v","i","n","e","g"
"b","a","l","s","a","m","i","c"," ","v","i","n","e","g","a","r"
"b","a","m","b","o","o"
"b","a","m","b","o","o"," ","s","h","o","o","t"
"b","a","n","a","n","a"
"b","a","r"
"b","a","r","b","e","c","u","e"
"b","a","r","b","e","c","u","e"," ","s","a","u","c","e"
"b","a","r","l","e","y"
"b","a","s","i","l"
"b","a","s","i","l"," ","l","e","a","f"
"b","a","s","i","l"," ","p","e","s","t","o"
"b","a","s","m","a","t","i"
"b","a","s","m","a","t","i"," ","r","i","c","e"
"b","a","s","s"
"b","a","s","s"," ","f","i","l","l","e","t"
"b","a","t","t","e","r"
"b","b","q"
"b","b","q"," ","s","a","u","c","e"
"b","e","a","n"
"b","e","a","n"," ","c","u","r","d"
"b","e","a","n"," ","p","a","s","t","e"
"b","e","a","n"," ","s","a","u","c","e"
"b","e","a","n"," ","s","p","r","o","u","t"
"b","e","a","n"," ","t","h","r","e","a","d"
"b","e","a","n","s"
"b","e","a","n","s","p","r","o","u","t","s"
"b","e","e","f"
"b","e","e","f"," ","b","o","u","i","l","l","o","n"
"b","e","e","f"," ","b","r","i","s","k","e","t"
"b","e","e","f"," ","b","r","o","t","h"
"b","e","e","f"," ","c","h","u","c","k"
"b","e","e","f"," ","d","e","l","i"
"b","e","e","f"," ","f","i","l","l","e","t"
"b","e","e","f"," ","r","i","b"
"b","e","e","f"," ","r","o","a","s","t"
"b","e","e","f"," ","s","h","a","n","k"
"b","e","e","f"," ","s","h","o","r","t"
"b","e","e","f"," ","s","i","r","l","o","i","n"
"b","e","e","f"," ","s","t","e","a","k"
"b","e","e","f"," ","s","t","e","w"
"b","e","e","f"," ","s","t","o","c","k"
"b","e","e","f"," ","t","e","n","d","e","r","l","o","i","n"
"b","e","e","f","s","t","e","a","k"
"b","e","e","f","s","t","e","a","k"," ","t","o","m","a","t","o"
"b","e","e","r"
"b","e","e","t"
"b","e","l","g","i","a","n"
"b","e","l","g","i","a","n"," ","e","n","d","i","v","e"
"b","e","l","i","e","v","e"
"b","e","l","i","e","v","e"," ","b","u","t","t","e","r"
"b","e","l","l","y"
"b","e","r","r","y"
"b","e","r","t","o","l","l","i"
"b","e","r","t","o","l","l","i"," ","c","l","a","s","s","i","c","o"
"b","e","s","t"
"b","e","s","t"," ","r","e","a","l"
"b","h","i","n","d","i"
"b","i","r","d"
"b","i","r","d"," ","c","h","i","l","e"
"b","i","s","c","u","i","t"
"b","i","s","q","u","i","c","k"
"b","l","a","c","k","b","e","r","r","y"
"b","l","a","n","c"
"b","l","a","n","c","h","e","d"
"b","l","a","n","c","h","e","d"," ","a","l","m","o","n","d"
"b","l","u","e","b","e","r","r","y"
"b","o","i","l","e","d"
"b","o","i","l","e","d"," ","e","g","g"
"b","o","n","i","t","o"
"b","o","n","i","t","o"," ","f","l","a","k","e"
"b","o","n","n","e","t"
"b","o","s","c"
"b","o","s","c"," ","p","e","a","r"
"b","o","s","t","o","n"
"b","o","u","i","l","l","o","n"
"b","o","u","i","l","l","o","n"," ","c","u","b","e"
"b","o","u","i","l","l","o","n"," ","g","r","a","n","u","l","e"
"b","o","u","r","b","o","n"
"b","o","u","r","b","o","n"," ","w","h","i","s","k","e","y"
"b","r","a","n","d","y"
"b","r","e","a","d"
"b","r","e","a","d"," ","c","h","i","c","k","e","n"
"b","r","e","a","d"," ","c","r","u","m","b"
"b","r","e","a","d"," ","d","o","u","g","h"
"b","r","e","a","d"," ","f","l","o","u","r"
"b","r","e","a","d"," ","l","o","a","f"
"b","r","e","a","d"," ","s","l","i","c","e"
"b","r","e","a","d","c","r","u","m","b"
"b","r","e","a","d","s","t","i","c","k"
"b","r","e","a","k","f","a","s","t"
"b","r","e","a","k","f","a","s","t"," ","s","a","u","s","a","g","e"
"b","r","e","a","s","t"
"b","r","e","a","s","t"," ","c","h","i","c","k","e","n"
"b","r","e","a","s","t"," ","c","u","t"
"b","r","e","a","s","t"," ","f","i","l","l","e","t"
"b","r","e","a","s","t"," ","t","e","n","d","e","r"
"b","r","e","a","s","t","s"
"b","r","e","w","e","d"
"b","r","e","w","e","d"," ","c","o","f","f","e","e"
"b","r","e","w","e","d"," ","e","s","p","r","e","s","s","o"
"b","r","i","e"
"b","r","i","e"," ","c","h","e","e","s","e"
"b","r","i","n","e"
"b","r","i","o","c","h","e"
"b","r","i","s","k","e","t"
"b","r","o","c","c"
"b","r","o","c","c","o","l","i"
"b","r","o","c","c","o","l","i"," ","f","l","o","r","e","t"
"b","r","o","c","c","o","l","i"," ","r","a","b","e"
"b","r","o","c","c","o","l","i"," ","s","l","a","w"
"b","r","o","c","c","o","l","i","n","i"
"b","r","o","i","l","e","r"
"b","r","o","i","l","e","r"," ","f","r","y","e","r"
"b","r","o","t","h"
"b","r","o","w"
"b","r","o","w","n"
"b","r","o","w","n"," ","b","a","s","m","a","t","i"
"b","r","o","w","n"," ","c","h","i","c","k","e","n"
"b","r","o","w","n"," ","e","g","g"
"b","r","o","w","n"," ","l","e","n","t","i","l"
"b","r","o","w","n"," ","m","u","s","t","a","r","d"
"b","r","o","w","n"," ","r","i","c","e"
"b","r","o","w","n"," ","s","u","g","a","r"
"b","r","u","s","s","e","l","s"
"b","r","u","s","s","e","l","s"," ","s","p","r","o","u","t"
"b","u","c","k","w","h","e","a","t"
"b","u","c","k","w","h","e","a","t"," ","f","l","o","u","r"
"b","u","f","f","a","l","o"
"b","u","l","b"
"b","u","l","g","u","r"
"b","u","l","k"
"b","u","l","k"," ","i","t","a","l","i","a","n"
"b","u","n"
"b","u","n","c","h"
"b","u","n","d"
"b","u","r","g","e","r"
"b","u","r","g","u","n","d","y"
"b","u","t","t","e","r"
"b","u","t","t","e","r"," ","l","e","t","t","u","c","e"
"b","u","t","t","e","r"," ","m","a","r","g","a","r","i","n","e"
"b","u","t","t","e","r"," ","o","i","l"
"b","u","t","t","e","r"," ","o","l","i","v","e"
"b","u","t","t","e","r"," ","s","p","r","e","a","d"
"b","u","t","t","e","r","m","i","l","k"
"b","u","t","t","e","r","n","u","t"
"b","u","t","t","e","r","n","u","t"," ","s","q","u","a","s","h"
"b","u","t","t","e","r","y"
"b","u","t","t","e","r","y"," ","s","p","r","e","a","d"
"b","u","t","t","o","n"
"b","u","t","t","o","n"," ","m","u","s","h","r","o","o","m"
"c","a","b"
"c","a","b","b"
"c","a","b","b","a"
"c","a","b","b","a","g"
"c","a","b","b","a","g","e"
"c","a","b","b","a","g","e"," ","l","e","a","f"
"c","a","c","a","o"
"c","a","c","h","a","c","a"
"c","a","g","e"
"c","a","g","e"," ","e","g","g"
"c","a","j","u","n"
"c","a","j","u","n"," ","s","e","a","s","o","n","i","n","g"
"c","a","k","e"
"c","a","k","e"," ","f","l","o","u","r"
"c","a","l","a","m","a","r","i"
"c","a","l","i","f","o","r","n","i","a"
"c","a","l","v","a","d","o","s"
"c","a","m","p","a","r","i"
"c","a","m","p","b","e","l","l"
"c","a","n","d","i","e","d"
"c","a","n","d","y"
"c","a","n","e"
"c","a","n","e"," ","s","u","g","a","r"
"c","a","n","n","e","d"
"c","a","n","n","e","d"," ","b","e","a","n"
"c","a","n","n","e","d"," ","c","h","i","c","k","e","n"
"c","a","n","n","e","d"," ","t","o","m","a","t","o"
"c","a","n","n","e","l","l","i","n","i"
"c","a","n","n","e","l","l","i","n","i"," ","b","e","a","n"
"c","a","n","o"
"c","a","n","o","l","a"
"c","a","n","o","l","a"," ","o","i","l"
"c","a","n","t","a","l","o","u","p","e"
"c","a","p","e","r"
"c","a","p","s","i","c","u","m"
"c","a","r"
"c","a","r","a","m","e","l"
"c","a","r","a","w","a","y"
"c","a","r","a","w","a","y"," ","s","e","e","d"
"c","a","r","b","o","n","a","t","e","d"
"c","a","r","b","o","n","a","t","e","d"," ","w","a","t","e","r"
"c","a","r","c","a","s","s"
"c","a","r","d","a"
"c","a","r","d","a","m"
"c","a","r","d","a","m","o","m"
"c","a","r","d","a","m","o","m"," ","s","e","e","d"
"c","a","r","d","a","m","o","n"
"c","a","r","r","o"
"c","a","r","r","o","t"
"c","a","s","h","e","w"
"c","a","s","h","e","w"," ","n","u","t"
"c","a","s","i","n","g"
"c","a","s","i","n","g"," ","r","e","m","o","v","e","d"
"c","a","s","t","e","r"
"c","a","s","t","e","r"," ","s","u","g","a","r"
"c","a","t","f","i","s","h"
"c","a","t","f","i","s","h"," ","f","i","l","l","e","t"
"c","a","u","l","i","f","l","o","w","e","r"
"c","a","u","l","i","f","l","o","w","e","r"," ","f","l","o","r","e","t"
"c","a","y"
"c","a","y","e"
"c","a","y","e","n"
"c","a","y","e","n","n"
"c","a","y","e","n","n","e"
"c","a","y","e","n","n","e"," ","p","e","p","p","e"
"c","a","y","e","n","n","e"," ","p","e","p","p","e","r"
"c","e","l","e","r"
"c","e","l","e","r","y"
"c","e","l","e","r","y"," ","r","i","b"
"c","e","l","e","r","y"," ","r","o","o","t"
"c","e","l","e","r","y"," ","s","a","l","t"
"c","e","l","e","r","y"," ","s","e","e","d"
"c","e","n","t","e","r"
"c","e","n","t","e","r"," ","c","u","t"
"c","e","r","e","a","l"
"c","h","a","a","t"
"c","h","a","a","t"," ","m","a","s","a","l","a"
"c","h","a","l","l","a"
"c","h","a","m","p","a","g","n","e"
"c","h","a","n","a"
"c","h","a","n","n","a"
"c","h","a","r"
"c","h","a","r"," ","s","a","u","c","e"
"c","h","a","r","d"
"c","h","e","d"
"c","h","e","d","d","a"
"c","h","e","d","d","a","r"
"c","h","e","d","d","a","r"," ","c","h","e","e","s","e"
"c","h","e","e","s","e"
"c","h","e","e","s","e"," ","c","h","i","c","k","e","n"
"c","h","e","e","s","e"," ","c","r","u","m","b","l","e","s"
"c","h","e","e","s","e"," ","e","g","g"
"c","h","e","e","s","e"," ","r","a","v","i","o","l","i"
"c","h","e","e","s","e"," ","s","o","u","p"
"c","h","e","e","s","e"," ","t","o","r","t","e","l","l","i","n","i"
"c","h","e","r","r","y"
"c","h","e","r","r","y"," ","t","o","m","a","t","o"
"c","h","e","s","t","n","u","t"
"c","h","i","a"
"c","h","i","a"," ","s","e","e","d"
"c","h","i","c","k","e","n"
"c","h","i","c","k","e","n"," ","b","e","e","f"
"c","h","i","c","k","e","n"," ","b","o","u","i","l","l","o","n"
"c","h","i","c","k","e","n"," ","b","r","e","a","s","t"
"c","h","i","c","k","e","n"," ","b","r","e","a","s","t","s"
"c","h","i","c","k","e","n"," ","b","r","o","t","h"
"c","h","i","c","k","e","n"," ","c","h","i","c","k","e","n"
"c","h","i","c","k","e","n"," ","c","u","t","l","e","t"
"c","h","i","c","k","e","n"," ","d","r","u","m","s","t","i","c","k"
"c","h","i","c","k","e","n"," ","e","g","g"
"c","h","i","c","k","e","n"," ","f","i","l","l","e","t"
"c","h","i","c","k","e","n"," ","f","i","n","g","e","r"
"c","h","i","c","k","e","n"," ","g","r","e","e","n"
"c","h","i","c","k","e","n"," ","l","e","g"
"c","h","i","c","k","e","n"," ","l","i","v","e","r"
"c","h","i","c","k","e","n"," ","m","e","a","t"
"c","h","i","c","k","e","n"," ","o","l","i","v","e"
"c","h","i","c","k","e","n"," ","p","e","p","p","e","r"
"c","h","i","c","k","e","n"," ","p","o","r","k"
"c","h","i","c","k","e","n"," ","r","i","c","e"
"c","h","i","c","k","e","n"," ","s","a","u","s","a","g","e"
"c","h","i","c","k","e","n"," ","s","o","u","p"
"c","h","i","c","k","e","n"," ","s","o","y"
"c","h","i","c","k","e","n"," ","s","t","o","c"
"c","h","i","c","k","e","n"," ","s","t","o","c","k"
"c","h","i","c","k","e","n"," ","s","u","g","a","r"
"c","h","i","c","k","e","n"," ","t","e","n","d","e","r","l","o","i","n"
"c","h","i","c","k","e","n"," ","t","h","i","g","h"
"c","h","i","c","k","e","n"," ","t","o","m","a","t","o"
"c","h","i","c","k","e","n"," ","v","e","g","e","t","a","b","l","e"
"c","h","i","c","k","e","n"," ","w","a","t","e","r"
"c","h","i","c","k","e","n"," ","w","i","n","g"
"c","h","i","c","k","p","e","a"
"c","h","i","c","k","p","e","a"," ","f","l","o","u","r"
"c","h","i","c","k","p","e","a","s"
"c","h","i","l","e"
"c","h","i","l","e"," ","a","r","b","o","l"
"c","h","i","l","e"," ","p","a","s","t","e"
"c","h","i","l","e"," ","p","e","p","p","e","r"
"c","h","i","l","e"," ","p","o","w","d","e","r"
"c","h","i","l","e"," ","s","a","u","c","e"
"c","h","i","l","e","s"
"c","h","i","l","i"
"c","h","i","l","i"," ","b","e","a","n"
"c","h","i","l","i"," ","c","h","i","c","k","e","n"
"c","h","i","l","i"," ","f","l","a","k","e"
"c","h","i","l","i"," ","o","i","l"
"c","h","i","l","i"," ","o","l","i","v","e"
"c","h","i","l","i"," ","p","a","s","t","e"
"c","h","i","l","i"," ","p","e","p","p","e"
"c","h","i","l","i"," ","p","e","p","p","e","r"
"c","h","i","l","i"," ","p","o","w","d","e","r"
"c","h","i","l","i"," ","s","a","u","c","e"
"c","h","i","l","i","e"
"c","h","i","l","i","e","s"
"c","h","i","l","l","e","d"
"c","h","i","l","l","i"
"c","h","i","n","e","s"
"c","h","i","n","e","s","e"
"c","h","i","n","e","s","e"," ","c","a","b","b","a","g","e"
"c","h","i","n","e","s","e"," ","c","h","i","c","k","e","n"
"c","h","i","n","e","s","e"," ","c","h","i","v","e"
"c","h","i","n","e","s","e"," ","e","g","g"
"c","h","i","n","e","s","e"," ","e","g","g","p","l","a","n","t"
"c","h","i","n","e","s","e"," ","e","i","e","r","m","i","e"
"c","h","i","n","e","s","e"," ","f","i","v","e"
"c","h","i","n","e","s","e"," ","n","o","o","d","l","e"
"c","h","i","n","e","s","e"," ","r","i","c","e"
"c","h","i","n","e","s","e"," ","s","a","u","s","a","g","e"
"c","h","i","n","e","s","e"," ","v","i","n","e","g","a","r"
"c","h","i","p"
"c","h","i","p","o","t","l","e"
"c","h","i","p","o","t","l","e"," ","a","d","o","b","o"
"c","h","i","p","o","t","l","e"," ","c","h","i","l","e"
"c","h","i","p","o","t","l","e"," ","p","e","p","p","e","r"
"c","h","i","v","e"
"c","h","o","b","a","n","i"
"c","h","o","b","a","n","i"," ","y","o","g","u","r","t"
"c","h","o","c","o","l","a","t","e"
"c","h","o","c","o","l","a","t","e"," ","b","a","r"
"c","h","o","c","o","l","a","t","e"," ","c","h","i","p"
"c","h","o","c","o","l","a","t","e"," ","m","o","r","s","e","l"
"c","h","o","p"
"c","h","o","r","i","z","o"
"c","h","o","r","i","z","o"," ","s","a","u","s","a","g","e"
"c","h","o","w"
"c","h","o","w"," ","m","e","i","n"
"c","h","o","y"
"c","h","o","y"," ","s","u","m"
"c","h","u","c","k"
"c","h","u","c","k"," ","r","o","a","s","t"
"c","h","u","n","k","y"
"c","h","u","n","k","y"," ","p","e","a","n","u","t"
"c","h","u","n","k","y"," ","s","a","l","s","a"
"c","h","u","t","n","e","y"
"c","i","a","b","a","t","t","a"
"c","i","a","b","a","t","t","a"," ","b","r","e","a","d"
"c","i","d","e","r"
"c","i","d","e","r"," ","v","i","n","e","g"
"c","i","d","e","r"," ","v","i","n","e","g","a","r"
"c","i","l","a","n","t","r","o"
"c","i","l","a","n","t","r","o"," ","l","e","a","f"
"c","i","l","a","n","t","r","o"," ","r","o","o","t"
"c","i","l","a","n","t","r","o"," ","s","p","r","i","g"
"c","i","l","a","n","t","r","o"," ","s","t","e","m"
"c","i","n","n","a","m","o","n"
"c","i","n","n","a","m","o","n"," ","r","o","l","l"
"c","i","n","n","a","m","o","n"," ","s","t","i","c"
"c","i","n","n","a","m","o","n"," ","s","t","i","c","k"
"c","i","n","n","a","m","o","n"," ","s","u","g","a","r"
"c","l","a","m"
"c","l","a","m"," ","j","u","i","c","e"
"c","l","a","r","i","f","i","e","d"
"c","l","a","r","i","f","i","e","d"," ","b","u","t","t","e","r"
"c","l","a","s","s","i","c"
"c","l","a","s","s","i","c","o"
"c","l","a","s","s","i","c","o"," ","o","l","i","v","e"
"c","l","e","a","n","e","d"
"c","l","e","a","r"
"c","l","e","a","r"," ","h","o","n","e","y"
"c","l","o","v","e"
"c","l","o","v","e"," ","c","h","i","c","k","e","n"
"c","l","o","v","e"," ","g","a","r","l","i","c"
"c","l","o","v","e"," ","o","l","i","v","e"
"c","l","o","v","e","s"
"c","l","u","b"
"c","l","u","b"," ","s","o","d","a"
"c","o","a","r","s"
"c","o","a","r","s","e"
"c","o","a","r","s","e"," ","k","o","s","h","e","r"
"c","o","a","r","s","e"," ","s","a","l","t"
"c","o","a","r","s","e","l","y"
"c","o","b"
"c","o","c","a"
"c","o","c","a"," ","c","o","l","a"
"c","o","c","k","t","a","i","l"
"c","o","c","o","a"
"c","o","c","o","a"," ","p","o","w","d","e","r"
"c","o","c","o","n","u","t"
"c","o","c","o","n","u","t"," ","a","m","i","n","o"
"c","o","c","o","n","u","t"," ","c","h","i","c","k","e","n"
"c","o","c","o","n","u","t"," ","c","r","e","a","m"
"c","o","c","o","n","u","t"," ","e","x","t","r","a","c","t"
"c","o","c","o","n","u","t"," ","f","l","a","k","e"
"c","o","c","o","n","u","t"," ","f","l","o","u","r"
"c","o","c","o","n","u","t"," ","m","i","l","k"
"c","o","c","o","n","u","t"," ","o","i","l"
"c","o","c","o","n","u","t"," ","s","u","g","a","r"
"c","o","c","o","n","u","t"," ","w","a","t","e","r"
"c","o","d"
"c","o","d"," ","f","i","l","l","e","t"
"c","o","f","f","e","e"
"c","o","f","f","e","e"," ","b","e","a","n"
"c","o","f","f","e","e"," ","g","r","a","n","u","l","e"
"c","o","g","n","a","c"
"c","o","i","n","t","r","e","a","u"
"c","o","l","a"
"c","o","l","b","y"
"c","o","l","b","y"," ","c","h","e","e","s","e"
"c","o","l","e","s","l","a","w"
"c","o","l","l","a","r","d"
"c","o","l","l","a","r","d"," ","g","r","e","e","n"
"c","o","l","o","r"
"c","o","l","o","r","i","n","g"
"c","o","n","c","e","n","t","r","a","t","e"
"c","o","n","f","e","c","t","i","o","n","e","r"
"c","o","n","f","e","c","t","i","o","n","e","r"," ","s","u","g","a","r"
"c","o","n","i","m","e","x"
"c","o","n","i","m","e","x"," ","c","h","i","n","e","s","e"
"c","o","n","i","m","e","x"," ","k","e","t","j","a","p"
"c","o","n","i","m","e","x"," ","n","o","e","d","e","l","s"
"c","o","n","i","m","e","x"," ","o","l","i","e"
"c","o","o","k"
"c","o","o","k","e"
"c","o","o","k","i","e","s"
"c","o","r","i","a","n","d","e","r"
"c","o","r","i","a","n","d","e","r"," ","p","o","w","d","e","r"
"c","o","r","i","a","n","d","e","r"," ","s","e","e","d"
"c","o","r","n"
"c","o","r","n"," ","c","h","i","c","k","e","n"
"c","o","r","n"," ","c","h","i","p"
"c","o","r","n"," ","c","o","b"
"c","o","r","n"," ","e","g","g"
"c","o","r","n"," ","f","l","o","u","r"
"c","o","r","n"," ","h","u","s","k"
"c","o","r","n"," ","k","e","r","n","e","l"
"c","o","r","n"," ","m","e","a","l"
"c","o","r","n"," ","o","i","l"
"c","o","r","n"," ","p","e","p","p","e","r"
"c","o","r","n"," ","s","o","y"
"c","o","r","n"," ","s","t","a","r","c","h"
"c","o","r","n"," ","s","y","r","u","p"
"c","o","r","n"," ","t","o","r","t","i","l","l","a"
"c","o","r","n","b","r","e","a","d"
"c","o","r","n","f","l","o","u","r"
"c","o","r","n","i","s","h"
"c","o","r","n","m","e","a","l"
"c","o","r","n","s","t","a","r","c","h"
"c","o","t","i","j","a"
"c","o","u","n","t","r","y"
"c","o","u","n","t","r","y"," ","b","r","e","a","d"
"c","o","u","n","t","r","y"," ","c","r","o","c","k"
"c","o","u","n","t","r","y"," ","h","a","m"
"c","o","u","n","t","r","y"," ","s","t","y","l","e"
"c","o","u","s","c","o","u","s"
"c","r","a","b"
"c","r","a","b"," ","m","e","a","t"
"c","r","a","b","m","e","a","t"
"c","r","a","c","k","e","r"
"c","r","a","c","k","e","r"," ","c","r","u","m","b"
"c","r","a","n","b","e","r","r","y"
"c","r","a","w","f","i","s","h"
"c","r","e","a","m"
"c","r","e","a","m"," ","c","h","e","e","s","e"
"c","r","e","a","m"," ","c","h","i","c","k","e","n"
"c","r","e","a","m"," ","l","i","q","u","e","u","r"
"c","r","e","a","m"," ","m","u","s","h","r","o","o","m"
"c","r","e","a","m"," ","p","e","p","p","e","r"
"c","r","e","a","m"," ","s","t","y","l","e"
"c","r","e","a","m"," ","t","a","r","t","a","r"
"c","r","e","a","m","e","r"
"c","r","e","a","m","y"
"c","r","e","a","m","y"," ","p","e","a","n","u","t"
"c","r","e","m","a"
"c","r","e","m","a"," ","m","e","x","i","c","a","n"
"c","r","e","m","e"
"c","r","e","m","i","n","i"
"c","r","e","m","i","n","i"," ","m","u","s","h","r","o","o","m"
"c","r","e","o","l","e"
"c","r","e","o","l","e"," ","m","u","s","t","a","r","d"
"c","r","e","o","l","e"," ","s","e","a","s","o","n","i","n","g"
"c","r","e","p","e"
"c","r","e","s","c","e","n","t"
"c","r","e","s","c","e","n","t"," ","r","o","l","l"
"c","r","i","m","i","n","i"
"c","r","i","m","i","n","i"," ","m","u","s","h","r","o","o","m"
"c","r","i","s","c","o"
"c","r","o","c","k"
"c","r","o","c","k"," ","s","p","r","e","a","d"
"c","r","o","i","s","s","a","n","t"
"c","r","o","u","t","o","n"
"c","r","u","m"
"c","r","u","m","b"
"c","r","u","m","b","l","e","d"
"c","r","u","m","b","l","e","d"," ","c","h","e","e","s","e"
"c","r","u","m","b","l","e","s"
"c","r","u","s","t"
